1000,QATAR AIRWAYS,LUCKNOW,DELHI,23/6/2020,7:44,6266
1002,AIR INDIA,KANPUR,NAGPUR,16/6/2020,8:56,8411
1001,ALLIANCE AIR,AGRA,VARANASI,25/6/2020,9:38,9220
1004,TRUJET,PUNE,JAIPUR,29/6/2020,21:59,8671
1005,TRUJET,KOLKATA,NAGPUR,16/5/2020,15:29,4322
1003,ALLIANCE AIR,BANGALORE,LUCKNOW,28/7/2020,14:16,5110
1008,AIRASIA INDIA,AHMEDABAD,KALYAN-DOMBIVLI,27/7/2020,6:16,4066
1007,QATAR AIRWAYS,PATNA,DELHI,13/5/2020,14:42,8960
1006,SAUDI AIRLINES SAUDICHEN0:14,PIMPRI-CHINCHWAD,CHENNAI,2/5/2020,0:14,1313163331
1010,GOAIR,VARANASI,BANGALORE,17/5/2020,23:26,9599
1012,GOAIR,RAJKOT,THANE,14/6/2020,9:58,6938
1013,INDIGO,BANGALORE,GHAZIABAD,25/7/2020,15:25,6178
1011,AIR INDIA EXPRESS,BHOPAL,FARIDABAD,2/5/2020,22:24,5542
1015,AIR INDIA,VADODARA,BHOPAL,22/7/2020,3:15,6302
1017,VISTARA,PATNA,JAIPUR,17/7/2020,0:49,6616
1016,INDIGO,GHAZIABAD,KALYAN-DOMBIVLI,20/7/2020,6:4,9789
1021,INDIGO,VISAKHAPATNAM,THANE,29/5/2020,23:2,7922
1020,ALLIANCE AIR,PIMPRI-CHINCHWAD,MEERUT,6/5/2020,5:42,8179
1023,SPICEJET,SURAT,MEERUT,30/6/2020,21:15,4770
1022,QATAR AIRWAYS,GHAZIABAD,DELHI,22/7/2020,19:16,8795
1019,VISTARA,MUMBAI,KOLKATA,26/6/2020,4:48,9955
1014,TRUJET,MEERUT,KOLKATA,8/7/2020,9:4,6075
1009,ALLIANCE AIR,HYDERABAD,VADODARA,26/7/2020,23:9,8824
1026,AIRASIA INDIA,BHOPAL,VASAI-VIRAR,12/5/2020,12:6,7228
1025,ALLIANCE AIR,KOLKATA,AGRA,8/5/2020,17:35,5111
1028,ETIHAD AIRWAYS,BANGALORE,KALYAN-DOMBIVLI,16/5/2020,18:3,5585
1030,TRUJET,PUNE,GHAZIABAD,25/5/2020,12:47,7475
1029,ALLIANCE AIR,VARANASI,NASHIK,3/5/2020,11:44,9430
1027,SPICEJET,BANGALORE,PIMPRI-CHINCHWAD,22/7/2020,17:37,9344
1032,ALLIANCE AIR,NASHIK,HYDERABAD,28/7/2020,21:56,8575
1035,INDIGO,LUDHIANA,JAIPUR,7/7/2020,18:3,5601
1034,AIR INDIA EXPRESS,PIMPRI-CHINCHWAD,PUNE,7/6/2020,7:24,5891
1033,VISTARA,LUDHIANA,MEERUT,11/7/2020,18:23,7137
1031,AIRASIA INDIA,AGRA,MEERUT,26/5/2020,17:24,5051
1038,SAUDI AIRLINES SAUDIVISA2:29,AGRA,VISAKHAPATNAM,1/5/2020,2:29,1095977302
1037,AIR INDIA,FARIDABAD,MEERUT,19/5/2020,8:7,9608
1041,QATAR AIRWAYS,NASHIK,VADODARA,23/6/2020,22:7,6694
1040,INDIGO,DELHI,CHENNAI,6/6/2020,18:12,4311
1039,AIR INDIA,BANGALORE,RAJKOT,20/5/2020,2:51,4481
1044,ETIHAD AIRWAYS,FARIDABAD,DELHI,2/6/2020,15:40,4794
1043,ALLIANCE AIR,THANE,RAJKOT,21/5/2020,23:45,7893
1042,SPICEJET,INDORE,JAIPUR,28/5/2020,22:30,7089
1036,ALLIANCE AIR,HYDERABAD,JAIPUR,7/5/2020,18:42,9860
1046,ALLIANCE AIR,NASHIK,KOLKATA,11/5/2020,8:1,7436
1048,INDIGO,PATNA,SURAT,18/5/2020,2:38,5339
1049,ETIHAD AIRWAYS,KOLKATA,INDORE,5/7/2020,19:1,6588
1047,AIRASIA INDIA,MUMBAI,NAGPUR,6/6/2020,17:23,4443
1051,GOAIR,VISAKHAPATNAM,THANE,6/6/2020,7:29,9293
1052,ALLIANCE AIR,AGRA,FARIDABAD,25/6/2020,23:11,9636
1055,VISTARA,PIMPRI-CHINCHWAD,AGRA,26/6/2020,6:18,5595
1054,QATAR AIRWAYS,NAGPUR,INDORE,3/6/2020,19:38,9625
1057,TRUJET,AGRA,FARIDABAD,21/7/2020,19:5,6361
1056,ETIHAD AIRWAYS,MEERUT,THANE,6/7/2020,1:48,7459
1053,SAUDI AIRLINES SAUDIRAJK10:59,SURAT,RAJKOT,20/7/2020,10:59,1263157586
1050,GOAIR,BANGALORE,INDORE,7/6/2020,4:18,6409
1045,AIRASIA INDIA,MUMBAI,BHOPAL,11/5/2020,18:12,9202
1024,AIRASIA INDIA,LUCKNOW,LUCKNOW,14/5/2020,8:36,7573
1059,INDIGO,PIMPRI-CHINCHWAD,PIMPRI-CHINCHWAD,22/6/2020,8:16,8957
1061,ETIHAD AIRWAYS,INDORE,PIMPRI-CHINCHWAD,8/7/2020,6:18,6520
1062,AIR INDIA,THANE,AGRA,26/6/2020,10:57,4256
1060,AIR INDIA EXPRESS,HYDERABAD,LUCKNOW,25/7/2020,11:22,7970
1065,AIRASIA INDIA,NASHIK,LUDHIANA,9/7/2020,20:32,6522
1064,AIRASIA INDIA,PUNE,NAGPUR,12/7/2020,18:39,6379
1063,ALLIANCE AIR,BANGALORE,PATNA,23/6/2020,8:36,9467
1067,QATAR AIRWAYS,PIMPRI-CHINCHWAD,BHOPAL,23/5/2020,7:51,5992
1069,AIR INDIA,VARANASI,JAIPUR,27/6/2020,4:54,5546
1070,AIRASIA INDIA,MEERUT,HYDERABAD,23/5/2020,4:47,6822
1068,INDIGO,DELHI,PUNE,8/5/2020,22:31,4841
1072,AIRASIA INDIA,VASAI-VIRAR,CHENNAI,19/6/2020,3:21,5990
1075,SPICEJET,VARANASI,JAIPUR,1/7/2020,1:39,9628
1074,TRUJET,VADODARA,VASAI-VIRAR,10/6/2020,1:8,4342
1073,AIR INDIA,FARIDABAD,SURAT,13/6/2020,1:51,9494
1071,SAUDI AIRLINES SAUDISURA17:18,LUDHIANA,SURAT,17/7/2020,17:18,1095914835
1066,TRUJET,LUDHIANA,LUDHIANA,9/5/2020,6:22,6442
1077,ALLIANCE AIR,DELHI,AGRA,8/7/2020,8:22,7506
1080,ETIHAD AIRWAYS,MEERUT,DELHI,29/5/2020,6:18,6831
1079,INDIGO,BANGALORE,BANGALORE,23/6/2020,13:40,5903
1078,AIR INDIA,AGRA,NASHIK,10/6/2020,6:43,6960
1083,AIRASIA INDIA,MEERUT,BANGALORE,22/5/2020,1:0,8282
1082,VISTARA,GHAZIABAD,PIMPRI-CHINCHWAD,5/7/2020,17:49,7980
1081,ETIHAD AIRWAYS,FARIDABAD,NASHIK,8/5/2020,9:32,5692
1086,AIRASIA INDIA,AGRA,NAGPUR,21/6/2020,1:56,6676
1085,VISTARA,LUCKNOW,FARIDABAD,25/6/2020,10:15,7198
1088,AIR INDIA,KOLKATA,RAJKOT,12/5/2020,12:8,9698
1087,INDIGO,NASHIK,MEERUT,6/6/2020,3:17,9249
1090,AIRASIA INDIA,VARANASI,MEERUT,15/7/2020,9:59,6250
1092,INDIGO,PATNA,LUDHIANA,17/5/2020,16:42,5170
1091,VISTARA,VASAI-VIRAR,JAIPUR,7/7/2020,11:18,7874
1089,ETIHAD AIRWAYS,JAIPUR,INDORE,8/7/2020,22:57,4832
1084,QATAR AIRWAYS,MUMBAI,KALYAN-DOMBIVLI,24/5/2020,12:45,4744
1076,ETIHAD AIRWAYS,AGRA,BANGALORE,27/7/2020,9:47,6773
1094,AIR INDIA EXPRESS,MEERUT,MEERUT,29/5/2020,3:14,4450
1097,GOAIR,AGRA,PATNA,13/5/2020,22:3,9874
1096,QATAR AIRWAYS,KOLKATA,KALYAN-DOMBIVLI,10/7/2020,11:30,4621
1095,SAUDI AIRLINES SAUDINAGP4:5,SURAT,NAGPUR,20/6/2020,4:5,1346847054
1100,GOAIR,NASHIK,JAIPUR,16/7/2020,15:23,6169
1099,QATAR AIRWAYS,BHOPAL,LUCKNOW,3/6/2020,10:8,5499
1102,SAUDI AIRLINES SAUDIRAJK4:4,KALYAN-DOMBIVLI,RAJKOT,9/7/2020,4:4,1263157586
1105,ALLIANCE AIR,BANGALORE,NAGPUR,28/6/2020,14:4,6258
1104,AIRASIA INDIA,NAGPUR,NASHIK,29/5/2020,14:26,6553
1103,SPICEJET,KANPUR,NASHIK,17/6/2020,8:7,8483
1101,GOAIR,LUDHIANA,CHENNAI,14/5/2020,7:34,4185
1098,TRUJET,AHMEDABAD,KALYAN-DOMBIVLI,17/5/2020,17:19,4830
1107,GOAIR,DELHI,LUCKNOW,30/6/2020,5:23,4324
1110,AIR INDIA,CHENNAI,BANGALORE,1/7/2020,6:53,8555
1109,INDIGO,VISAKHAPATNAM,LUDHIANA,22/7/2020,16:35,8991
1108,ETIHAD AIRWAYS,PATNA,MUMBAI,15/7/2020,17:32,9138
1112,QATAR AIRWAYS,KOLKATA,GHAZIABAD,2/6/2020,7:33,4818
1114,QATAR AIRWAYS,KANPUR,PIMPRI-CHINCHWAD,26/6/2020,14:32,9828
1113,AIR INDIA EXPRESS,VADODARA,BANGALORE,5/5/2020,23:57,4997
1116,SAUDI AIRLINES SAUDIKANP11:18,NASHIK,KANPUR,20/5/2020,11:18,1347305803
1118,INDIGO,MUMBAI,PATNA,15/5/2020,13:39,5857
1117,TRUJET,JAIPUR,AGRA,3/5/2020,19:6,6480
1115,AIR INDIA,KANPUR,HYDERABAD,29/6/2020,4:33,8271
1111,TRUJET,VISAKHAPATNAM,JAIPUR,16/5/2020,13:29,7957
1106,TRUJET,NASHIK,PATNA,7/5/2020,21:33,6833
1093,SAUDI AIRLINES SAUDIPIMP5:26,LUCKNOW,PIMPRI-CHINCHWAD,AD,5:26,1347242320
1058,AIR INDIA,SURAT,VASAI-VIRAR,27/5/2020,7:29,8982
1120,SAUDI AIRLINES SAUDIJAIP13:8,MEERUT,JAIPUR,2/7/2020,13:8,1346978122
1123,QATAR AIRWAYS,VARANASI,PATNA,15/7/2020,5:39,7687
1122,INDIGO,AHMEDABAD,RAJKOT,20/6/2020,21:5,9745
1121,SAUDI AIRLINES SAUDIKALY22:22,MUMBAI,KALYAN-DOMBIVLI,I,22:22,1498169675
1125,AIR INDIA,INDORE,VISAKHAPATNAM,24/6/2020,3:33,9663
1126,ETIHAD AIRWAYS,NASHIK,PUNE,24/5/2020,9:22,7530
1128,AIR INDIA,AGRA,JAIPUR,30/7/2020,2:43,4942
1131,ALLIANCE AIR,BANGALORE,MUMBAI,12/5/2020,11:33,6785
1130,QATAR AIRWAYS,JAIPUR,AHMEDABAD,13/7/2020,1:8,9365
1129,AIR INDIA,BANGALORE,MEERUT,17/7/2020,12:0,5661
1127,GOAIR,GHAZIABAD,PATNA,5/7/2020,9:10,4654
1124,ETIHAD AIRWAYS,VASAI-VIRAR,LUDHIANA,23/5/2020,1:32,4915
1133,ALLIANCE AIR,LUDHIANA,MEERUT,29/5/2020,3:56,9861
1136,ALLIANCE AIR,BHOPAL,THANE,9/6/2020,3:27,4970
1135,VISTARA,DELHI,HYDERABAD,21/6/2020,1:20,9537
1134,AIR INDIA,LUDHIANA,JAIPUR,20/6/2020,21:17,9519
1139,TRUJET,KANPUR,AHMEDABAD,17/5/2020,5:28,9687
1138,SPICEJET,NAGPUR,KOLKATA,30/6/2020,4:23,6431
1137,ETIHAD AIRWAYS,KANPUR,INDORE,21/5/2020,8:40,4244
1141,AIR INDIA,HYDERABAD,VISAKHAPATNAM,19/5/2020,22:18,5394
1144,ALLIANCE AIR,GHAZIABAD,AHMEDABAD,20/6/2020,4:35,9315
1143,VISTARA,PUNE,INDORE,20/7/2020,19:20,5543
1142,ETIHAD AIRWAYS,VADODARA,GHAZIABAD,7/7/2020,4:19,9657
1146,INDIGO,VADODARA,RAJKOT,9/6/2020,21:35,6945
1147,INDIGO,PATNA,FARIDABAD,8/6/2020,5:50,6791
1149,ETIHAD AIRWAYS,RAJKOT,MEERUT,4/6/2020,14:17,9174
1152,QATAR AIRWAYS,VADODARA,AHMEDABAD,26/7/2020,14:52,9230
1151,VISTARA,NASHIK,DELHI,21/5/2020,14:5,6272
1150,AIR INDIA,RAJKOT,THANE,25/6/2020,18:53,5166
1148,AIR INDIA,VISAKHAPATNAM,CHENNAI,22/7/2020,0:56,9882
1145,AIRASIA INDIA,VADODARA,VASAI-VIRAR,26/7/2020,19:6,7674
1140,QATAR AIRWAYS,AGRA,BHOPAL,4/5/2020,3:23,8722
1132,ETIHAD AIRWAYS,BHOPAL,PUNE,18/7/2020,17:10,8790
1155,ETIHAD AIRWAYS,BANGALORE,KOLKATA,18/5/2020,1:38,7612
1154,INDIGO,BANGALORE,PATNA,14/7/2020,16:53,7066
1157,TRUJET,BANGALORE,KALYAN-DOMBIVLI,10/7/2020,14:41,8432
1160,TRUJET,VASAI-VIRAR,AHMEDABAD,10/7/2020,10:9,4978
1159,AIRASIA INDIA,HYDERABAD,BANGALORE,6/5/2020,6:27,8347
1158,AIR INDIA,BHOPAL,KOLKATA,5/5/2020,22:50,4485
1156,AIR INDIA,HYDERABAD,PATNA,25/7/2020,0:59,7321
1163,GOAIR,LUDHIANA,AGRA,23/5/2020,2:34,9072
1162,AIR INDIA EXPRESS,PUNE,PATNA,11/7/2020,10:13,7642
1166,AIR INDIA,VASAI-VIRAR,DELHI,26/7/2020,4:42,9418
1165,ALLIANCE AIR,JAIPUR,VADODARA,5/6/2020,21:50,6437
1168,INDIGO,AGRA,HYDERABAD,28/5/2020,10:8,9085
1167,AIR INDIA EXPRESS,PATNA,THANE,1/6/2020,13:31,8114
1164,SPICEJET,MEERUT,LUDHIANA,17/7/2020,8:2,7563
1161,VISTARA,SURAT,BHOPAL,3/7/2020,17:34,5164
1171,AIR INDIA,JAIPUR,JAIPUR,19/7/2020,16:46,7584
1170,SAUDI AIRLINES SAUDIVISA9:8,VARANASI,VISAKHAPATNAM,20/6/2020,9:8,1095977302
1174,SPICEJET,PUNE,MEERUT,4/5/2020,17:57,7563
1173,VISTARA,MUMBAI,VISAKHAPATNAM,20/7/2020,11:6,7626
1172,ETIHAD AIRWAYS,PUNE,NASHIK,10/5/2020,0:35,5832
1176,INDIGO,LUCKNOW,MUMBAI,20/5/2020,8:57,4822
1178,SAUDI AIRLINES SAUDIVASA0:20,HYDERABAD,VASAI-VIRAR,26/6/2020,0:20,1095975254
1179,AIR INDIA EXPRESS,DELHI,HYDERABAD,6/6/2020,11:6,5932
1177,SPICEJET,VADODARA,PUNE,16/6/2020,8:32,9632
1175,QATAR AIRWAYS,VARANASI,LUCKNOW,24/5/2020,12:20,7124
1181,VISTARA,PATNA,AGRA,27/5/2020,23:53,7659
1183,AIRASIA INDIA,VISAKHAPATNAM,JAIPUR,23/6/2020,1:22,6349
1184,ALLIANCE AIR,AHMEDABAD,JAIPUR,25/6/2020,10:45,7219
1182,GOAIR,KANPUR,PUNE,28/7/2020,23:36,6635
1186,ETIHAD AIRWAYS,PATNA,INDORE,11/5/2020,12:32,6660
1188,ETIHAD AIRWAYS,MUMBAI,INDORE,9/6/2020,13:0,4728
1187,SPICEJET,PIMPRI-CHINCHWAD,GHAZIABAD,4/6/2020,21:29,5968
1185,AIRASIA INDIA,NASHIK,VASAI-VIRAR,19/7/2020,23:58,5306
1180,SAUDI AIRLINES SAUDICHEN10:56,PATNA,CHENNAI,24/5/2020,10:56,1313163331
1169,AIR INDIA,SURAT,HYDERABAD,29/7/2020,7:35,8900
1153,ALLIANCE AIR,INDORE,INDORE,1/7/2020,11:5,4039
1119,AIR INDIA,VARANASI,INDORE,17/6/2020,1:18,7541
1191,SPICEJET,NAGPUR,BANGALORE,8/6/2020,7:55,9630
1190,VISTARA,KANPUR,LUDHIANA,30/5/2020,18:46,5324
1193,AIRASIA INDIA,FARIDABAD,GHAZIABAD,2/5/2020,11:18,5389
1192,INDIGO,BHOPAL,NASHIK,1/7/2020,10:9,7327
1196,TRUJET,JAIPUR,PATNA,5/7/2020,21:15,9518
1195,GOAIR,RAJKOT,NASHIK,8/6/2020,22:59,8469
1198,GOAIR,BANGALORE,KALYAN-DOMBIVLI,26/6/2020,0:38,5207
1201,AIRASIA INDIA,THANE,BHOPAL,12/6/2020,2:58,9259
1200,ETIHAD AIRWAYS,INDORE,PUNE,4/5/2020,0:29,4526
1199,QATAR AIRWAYS,PUNE,SURAT,9/5/2020,6:21,8933
1197,INDIGO,DELHI,KANPUR,14/7/2020,5:32,6129
1194,AIR INDIA EXPRESS,LUCKNOW,VASAI-VIRAR,23/6/2020,15:11,9713
1204,INDIGO,KOLKATA,LUCKNOW,12/6/2020,11:37,7990
1203,AIR INDIA EXPRESS,PATNA,KALYAN-DOMBIVLI,14/6/2020,21:51,5349
1206,VISTARA,THANE,FARIDABAD,14/7/2020,18:30,7037
1209,AIRASIA INDIA,CHENNAI,AGRA,3/5/2020,16:20,9169
1208,VISTARA,KALYAN-DOMBIVLI,VADODARA,11/6/2020,14:53,7590
1207,SAUDI AIRLINES SAUDIMUMB20:33,AHMEDABAD,MUMBAI,3/7/2020,20:33,1112364365
1205,ETIHAD AIRWAYS,MUMBAI,KOLKATA,24/5/2020,11:35,4044
1202,INDIGO,VADODARA,NAGPUR,1/5/2020,3:35,4182
1211,TRUJET,VASAI-VIRAR,VISAKHAPATNAM,29/5/2020,12:52,8839
1213,GOAIR,BHOPAL,KANPUR,1/7/2020,9:14,9556
1212,ALLIANCE AIR,MEERUT,LUDHIANA,8/5/2020,16:59,8579
1215,VISTARA,CHENNAI,PIMPRI-CHINCHWAD,11/5/2020,11:54,9002
1218,AIRASIA INDIA,THANE,AGRA,8/6/2020,0:19,6344
1217,AIR INDIA EXPRESS,KANPUR,PUNE,16/7/2020,18:33,5744
1216,VISTARA,VASAI-VIRAR,NAGPUR,2/7/2020,22:42,4952
1214,QATAR AIRWAYS,LUDHIANA,INDORE,29/5/2020,14:25,8351
1221,ETIHAD AIRWAYS,KALYAN-DOMBIVLI,VASAI-VIRAR,16/5/2020,2:35,8924
1220,AIRASIA INDIA,GHAZIABAD,BHOPAL,23/7/2020,20:23,8615
1223,AIR INDIA EXPRESS,HYDERABAD,VASAI-VIRAR,29/7/2020,10:34,7896
1222,GOAIR,KALYAN-DOMBIVLI,VISAKHAPATNAM,29/6/2020,12:4,5082
1226,AIRASIA INDIA,NAGPUR,JAIPUR,12/5/2020,13:15,4829
1225,AIRASIA INDIA,LUCKNOW,KOLKATA,13/5/2020,13:27,6170
1229,ETIHAD AIRWAYS,DELHI,NAGPUR,26/7/2020,5:26,4274
1228,SAUDI AIRLINES SAUDIVADO0:50,RAJKOT,VADODARA,5/7/2020,0:50,1329873238
1227,AIR INDIA EXPRESS,NAGPUR,BHOPAL,1/5/2020,19:0,4652
1224,AIRASIA INDIA,CHENNAI,VASAI-VIRAR,26/6/2020,17:56,7714
1219,AIR INDIA,CHENNAI,PATNA,2/6/2020,5:24,8011
1210,GOAIR,BHOPAL,DELHI,22/5/2020,21:13,4150
1231,AIR INDIA,KOLKATA,JAIPUR,3/6/2020,14:33,6651
1234,ETIHAD AIRWAYS,PIMPRI-CHINCHWAD,JAIPUR,6/7/2020,5:55,4316
1233,TRUJET,INDORE,THANE,28/7/2020,17:50,5966
1232,VISTARA,VISAKHAPATNAM,THANE,17/7/2020,9:41,4037
1237,ETIHAD AIRWAYS,AHMEDABAD,PUNE,21/6/2020,12:8,5845
1236,SPICEJET,LUCKNOW,VISAKHAPATNAM,28/5/2020,11:32,5695
1240,GOAIR,FARIDABAD,PATNA,3/7/2020,18:34,9425
1239,SAUDI AIRLINES SAUDISURA7:29,VISAKHAPATNAM,SURAT,21/7/2020,7:29,1095914835
1242,ETIHAD AIRWAYS,PUNE,PATNA,25/5/2020,15:5,5726
1241,AIR INDIA EXPRESS,CHENNAI,NASHIK,16/5/2020,9:39,5303
1238,ALLIANCE AIR,SURAT,FARIDABAD,15/5/2020,20:32,4928
1235,SAUDI AIRLINES SAUDIMEER7:49,JAIPUR,MEERUT,14/6/2020,7:49,1380271437
1245,SAUDI AIRLINES SAUDIAGRA15:10,KOLKATA,AGRA,16/5/2020,15:10,1095911233
1244,SPICEJET,PATNA,THANE,4/6/2020,6:54,4101
1247,AIRASIA INDIA,KALYAN-DOMBIVLI,DELHI,18/5/2020,15:26,8613
1249,INDIGO,AGRA,PATNA,16/5/2020,18:37,8691
1250,TRUJET,THANE,VISAKHAPATNAM,8/6/2020,7:19,9617
1248,SAUDI AIRLINES SAUDILUDH16:50,GHAZIABAD,LUDHIANA,11/6/2020,16:50,1212437836
1246,VISTARA,LUDHIANA,GHAZIABAD,15/6/2020,6:41,4079
1252,TRUJET,KANPUR,MEERUT,28/6/2020,18:26,6522
1254,SPICEJET,AHMEDABAD,THANE,8/6/2020,18:28,8698
1253,TRUJET,MEERUT,MUMBAI,17/7/2020,22:24,8966
1256,AIRASIA INDIA,KALYAN-DOMBIVLI,PIMPRI-CHINCHWAD,27/6/2020,23:30,7269
1255,ALLIANCE AIR,GHAZIABAD,VADODARA,5/7/2020,5:13,8464
1259,TRUJET,FARIDABAD,RAJKOT,18/6/2020,7:23,6065
1258,TRUJET,MEERUT,JAIPUR,12/5/2020,19:34,7046
1261,SPICEJET,PATNA,NAGPUR,3/6/2020,11:15,4003
1263,SAUDI AIRLINES SAUDIKANP7:38,BHOPAL,KANPUR,7/7/2020,7:38,1347305803
1264,ALLIANCE AIR,NASHIK,GHAZIABAD,1/5/2020,7:54,7743
1262,ALLIANCE AIR,INDORE,VADODARA,16/5/2020,2:28,8621
1260,SPICEJET,KOLKATA,JAIPUR,23/5/2020,19:45,7281
1257,SAUDI AIRLINES SAUDITHAN23:28,DELHI,THANE,24/5/2020,23:28,1312901204
1251,SPICEJET,BHOPAL,PUNE,2/5/2020,6:1,4203
1243,SAUDI AIRLINES SAUDIMEER12:23,LUDHIANA,MEERUT,16/5/2020,12:23,1380271437
1230,ALLIANCE AIR,PIMPRI-CHINCHWAD,NASHIK,5/5/2020,0:28,9694
1266,SAUDI AIRLINES SAUDIAGRA5:7,DELHI,AGRA,20/6/2020,5:7,1095911233
1268,TRUJET,AGRA,VASAI-VIRAR,20/7/2020,20:13,8921
1267,AIR INDIA,BHOPAL,AHMEDABAD,5/7/2020,7:18,6092
1270,ETIHAD AIRWAYS,VADODARA,THANE,11/5/2020,17:24,9257
1272,ALLIANCE AIR,DELHI,VISAKHAPATNAM,8/6/2020,13:40,4519
1271,AIR INDIA,BHOPAL,NAGPUR,29/5/2020,19:17,4905
1269,GOAIR,AHMEDABAD,PUNE,13/6/2020,6:12,8701
1274,ALLIANCE AIR,AHMEDABAD,RAJKOT,16/5/2020,18:11,5150
1277,AIR INDIA,KALYAN-DOMBIVLI,RAJKOT,9/7/2020,18:23,5321
1276,SAUDI AIRLINES SAUDIBHOP4:5,KOLKATA,BHOPAL,8/6/2020,4:5,1347373122
1275,TRUJET,CHENNAI,DELHI,29/5/2020,17:59,8875
1273,AIRASIA INDIA,HYDERABAD,VASAI-VIRAR,3/6/2020,23:28,6762
1280,VISTARA,AGRA,KALYAN-DOMBIVLI,24/5/2020,7:50,6149
1279,ETIHAD AIRWAYS,VISAKHAPATNAM,VISAKHAPATNAM,22/6/2020,5:36,7796
1282,AIR INDIA,NASHIK,JAIPUR,1/6/2020,9:49,7980
1285,ALLIANCE AIR,VASAI-VIRAR,KANPUR,28/7/2020,0:58,6609
1284,AIRASIA INDIA,KALYAN-DOMBIVLI,LUDHIANA,28/5/2020,4:8,4828
1283,ALLIANCE AIR,SURAT,VASAI-VIRAR,2/7/2020,4:24,7722
1281,ALLIANCE AIR,MUMBAI,THANE,29/6/2020,18:45,6680
1287,AIRASIA INDIA,AHMEDABAD,INDORE,17/6/2020,18:20,6686
1290,AIR INDIA,FARIDABAD,AGRA,20/6/2020,0:30,9347
1289,INDIGO,NAGPUR,VADODARA,3/7/2020,9:43,7689
1288,ALLIANCE AIR,DELHI,NASHIK,24/6/2020,20:39,6404
1286,SPICEJET,HYDERABAD,VADODARA,20/7/2020,15:23,8101
1278,TRUJET,RAJKOT,CHENNAI,12/7/2020,14:38,9111
1292,SPICEJET,HYDERABAD,VARANASI,21/6/2020,13:55,4425
1295,QATAR AIRWAYS,JAIPUR,BHOPAL,7/7/2020,21:22,6789
1294,ETIHAD AIRWAYS,VARANASI,BANGALORE,5/6/2020,20:19,4435
1293,AIR INDIA,DELHI,SURAT,26/7/2020,1:5,7858
1297,VISTARA,RAJKOT,LUDHIANA,30/7/2020,1:34,8965
1300,QATAR AIRWAYS,SURAT,PATNA,9/6/2020,4:43,8989
1299,GOAIR,BHOPAL,VADODARA,22/6/2020,6:23,7971
1298,SPICEJET,DELHI,AHMEDABAD,26/7/2020,3:40,6526
1296,VISTARA,KANPUR,PUNE,4/6/2020,6:27,8930
1303,TRUJET,THANE,DELHI,5/7/2020,8:4,5049
1302,SPICEJET,GHAZIABAD,NAGPUR,10/6/2020,0:48,5183
1306,ETIHAD AIRWAYS,VASAI-VIRAR,VARANASI,29/5/2020,20:18,8709
1305,AIR INDIA EXPRESS,DELHI,AHMEDABAD,26/7/2020,2:55,5880
1308,TRUJET,PUNE,FARIDABAD,28/7/2020,23:26,8552
1307,ETIHAD AIRWAYS,NASHIK,NAGPUR,15/6/2020,22:12,7696
1304,TRUJET,AHMEDABAD,MEERUT,3/7/2020,1:39,5477
1301,ETIHAD AIRWAYS,MUMBAI,AHMEDABAD,7/6/2020,3:7,7155
1311,ALLIANCE AIR,KOLKATA,KANPUR,3/7/2020,14:19,6670
1310,SAUDI AIRLINES SAUDIVASA0:34,VARANASI,VASAI-VIRAR,7/5/2020,0:34,1095975254
1314,QATAR AIRWAYS,AHMEDABAD,INDORE,5/7/2020,21:46,7380
1313,AIRASIA INDIA,NASHIK,LUCKNOW,26/6/2020,15:27,9246
1312,VISTARA,DELHI,RAJKOT,13/6/2020,11:48,7048
1316,AIRASIA INDIA,VARANASI,VADODARA,24/7/2020,12:58,5394
1317,INDIGO,FARIDABAD,NASHIK,4/6/2020,17:26,5156
1319,SPICEJET,FARIDABAD,AGRA,16/7/2020,9:30,6513
1321,SAUDI AIRLINES SAUDICHEN4:4,VADODARA,CHENNAI,29/7/2020,4:4,1313163331
1320,INDIGO,LUDHIANA,NAGPUR,27/6/2020,17:13,4510
1318,ALLIANCE AIR,VISAKHAPATNAM,KANPUR,1/7/2020,20:57,4799
1315,SAUDI AIRLINES SAUDIJAIP8:26,PIMPRI-CHINCHWAD,JAIPUR,6/6/2020,8:26,1346978122
1324,GOAIR,VASAI-VIRAR,HYDERABAD,12/6/2020,13:26,4879
1323,VISTARA,GHAZIABAD,FARIDABAD,1/5/2020,16:33,8869
1326,AIR INDIA,VADODARA,PUNE,19/5/2020,7:2,5343
1325,SPICEJET,BHOPAL,BANGALORE,26/5/2020,12:44,9346
1329,AIRASIA INDIA,VADODARA,MEERUT,17/6/2020,7:39,7340
1328,ETIHAD AIRWAYS,INDORE,BHOPAL,11/6/2020,3:28,7209
1332,INDIGO,KANPUR,BANGALORE,14/5/2020,3:14,5821
1331,QATAR AIRWAYS,GHAZIABAD,VARANASI,24/5/2020,10:28,5463
1330,INDIGO,AGRA,CHENNAI,28/6/2020,5:50,4501
1327,INDIGO,SURAT,JAIPUR,6/5/2020,13:7,8370
1322,AIRASIA INDIA,CHENNAI,GHAZIABAD,30/5/2020,3:35,6851
1309,TRUJET,MEERUT,LUDHIANA,29/5/2020,9:38,4393
1291,GOAIR,LUCKNOW,JAIPUR,8/6/2020,20:29,4849
1335,ALLIANCE AIR,JAIPUR,LUCKNOW,28/6/2020,14:57,4265
1334,VISTARA,BANGALORE,VISAKHAPATNAM,16/6/2020,18:58,6098
1337,AIRASIA INDIA,VISAKHAPATNAM,RAJKOT,2/7/2020,23:54,8776
1336,QATAR AIRWAYS,THANE,AGRA,7/6/2020,8:48,5933
1340,ALLIANCE AIR,FARIDABAD,VARANASI,3/7/2020,18:35,7864
1339,AIRASIA INDIA,BHOPAL,NAGPUR,7/5/2020,15:37,7258
1342,SAUDI AIRLINES SAUDIVISA0:2,LUCKNOW,VISAKHAPATNAM,25/6/2020,0:2,1095977302
1344,AIRASIA INDIA,RAJKOT,BHOPAL,16/5/2020,18:53,5379
1345,ALLIANCE AIR,PUNE,AHMEDABAD,8/5/2020,10:36,5029
1343,QATAR AIRWAYS,KALYAN-DOMBIVLI,AHMEDABAD,4/5/2020,0:43,6144
1341,VISTARA,MEERUT,AHMEDABAD,24/5/2020,7:24,9873
1338,SPICEJET,PIMPRI-CHINCHWAD,FARIDABAD,10/5/2020,11:35,4344
1347,ETIHAD AIRWAYS,VADODARA,VADODARA,5/5/2020,11:59,9469
1349,GOAIR,MUMBAI,DELHI,13/7/2020,0:15,8372
1350,TRUJET,LUDHIANA,VADODARA,1/5/2020,17:51,7362
1348,QATAR AIRWAYS,GHAZIABAD,LUCKNOW,10/7/2020,6:11,4314
1353,QATAR AIRWAYS,MEERUT,PATNA,12/7/2020,22:42,6121
1352,AIR INDIA EXPRESS,THANE,BANGALORE,1/5/2020,9:49,9373
1355,QATAR AIRWAYS,THANE,PUNE,30/7/2020,4:39,7423
1358,AIR INDIA EXPRESS,PUNE,MEERUT,20/5/2020,10:19,8276
1357,GOAIR,GHAZIABAD,PATNA,6/6/2020,13:59,8048
1356,AIRASIA INDIA,PATNA,LUCKNOW,19/7/2020,6:46,4167
1354,VISTARA,NAGPUR,AHMEDABAD,3/6/2020,5:55,9575
1351,SAUDI AIRLINES SAUDIKALY1:24,BANGALORE,KALYAN-DOMBIVLI,I,1:24,1498169675
1360,GOAIR,LUCKNOW,VADODARA,1/5/2020,4:55,6833
1362,ETIHAD AIRWAYS,NASHIK,SURAT,3/7/2020,20:33,9639
1361,AIR INDIA EXPRESS,KOLKATA,VADODARA,1/6/2020,5:1,7542
1364,ETIHAD AIRWAYS,INDORE,NASHIK,7/7/2020,0:37,4033
1367,ALLIANCE AIR,KANPUR,VISAKHAPATNAM,2/7/2020,9:57,6591
1366,SPICEJET,PATNA,THANE,25/6/2020,23:32,9031
1365,AIRASIA INDIA,SURAT,VISAKHAPATNAM,23/7/2020,1:34,7302
1363,AIRASIA INDIA,INDORE,BANGALORE,16/7/2020,0:38,6217
1359,VISTARA,VARANASI,MUMBAI,2/7/2020,20:46,4789
1346,AIR INDIA,JAIPUR,PIMPRI-CHINCHWAD,22/5/2020,3:37,7871
1333,SAUDI AIRLINES SAUDINAGP8:11,VADODARA,NAGPUR,13/5/2020,8:11,1346847054
1265,GOAIR,VISAKHAPATNAM,PUNE,27/7/2020,2:55,5190
1189,ETIHAD AIRWAYS,THANE,BHOPAL,11/5/2020,4:28,9183
1369,VISTARA,PIMPRI-CHINCHWAD,THANE,5/6/2020,10:56,8400
1372,GOAIR,KALYAN-DOMBIVLI,VASAI-VIRAR,2/7/2020,6:27,9407
1371,AIR INDIA EXPRESS,PIMPRI-CHINCHWAD,LUCKNOW,25/6/2020,13:24,8731
1370,AIRASIA INDIA,LUCKNOW,VASAI-VIRAR,11/6/2020,6:49,4314
1374,GOAIR,MUMBAI,PATNA,22/5/2020,19:28,7329
1377,QATAR AIRWAYS,MUMBAI,PUNE,15/6/2020,23:21,5548
1376,INDIGO,HYDERABAD,PIMPRI-CHINCHWAD,23/7/2020,22:52,4552
1375,AIRASIA INDIA,PUNE,NAGPUR,27/5/2020,12:16,4533
1379,INDIGO,PUNE,AGRA,25/5/2020,16:51,5802
1380,SPICEJET,HYDERABAD,DELHI,15/7/2020,3:10,9802
1378,AIR INDIA,BHOPAL,BANGALORE,11/7/2020,19:50,6877
1373,SPICEJET,VISAKHAPATNAM,PIMPRI-CHINCHWAD,21/5/2020,7:54,6344
1382,VISTARA,PUNE,FARIDABAD,1/7/2020,18:49,4917
1385,SAUDI AIRLINES SAUDITHAN19:21,PIMPRI-CHINCHWAD,THANE,12/5/2020,19:21,1312901204
1384,VISTARA,NAGPUR,RAJKOT,3/6/2020,13:55,6138
1383,AIRASIA INDIA,VADODARA,DELHI,19/6/2020,19:29,4559
1387,AIR INDIA EXPRESS,PATNA,VADODARA,13/5/2020,15:22,8770
1390,ALLIANCE AIR,HYDERABAD,MEERUT,5/5/2020,23:58,9833
1389,AIR INDIA,HYDERABAD,PIMPRI-CHINCHWAD,1/5/2020,4:40,5475
1388,ALLIANCE AIR,RAJKOT,LUCKNOW,29/5/2020,20:43,9723
1386,AIRASIA INDIA,THANE,AGRA,10/6/2020,15:24,5329
1393,INDIGO,FARIDABAD,RAJKOT,4/7/2020,19:4,7556
1392,GOAIR,MUMBAI,RAJKOT,30/7/2020,20:6,7000
1396,SPICEJET,VISAKHAPATNAM,NASHIK,28/7/2020,12:14,8340
1395,TRUJET,CHENNAI,VADODARA,26/5/2020,3:22,6551
1398,TRUJET,VADODARA,MUMBAI,24/6/2020,17:47,8153
1397,GOAIR,KANPUR,INDORE,1/7/2020,14:12,5215
1394,AIR INDIA,MUMBAI,HYDERABAD,15/5/2020,6:30,7956
1391,AIR INDIA,SURAT,NASHIK,25/6/2020,5:16,6006
1381,AIRASIA INDIA,THANE,GHAZIABAD,25/6/2020,11:23,7624
1401,VISTARA,MUMBAI,HYDERABAD,29/6/2020,21:14,9257
1400,GOAIR,SURAT,NAGPUR,24/7/2020,13:42,9289
1403,ALLIANCE AIR,CHENNAI,HYDERABAD,24/7/2020,23:15,4405
1406,INDIGO,AGRA,JAIPUR,16/6/2020,17:28,5622
1405,ALLIANCE AIR,FARIDABAD,INDORE,15/5/2020,0:16,4924
1404,AIR INDIA EXPRESS,BHOPAL,DELHI,9/5/2020,14:49,9701
1402,TRUJET,SURAT,FARIDABAD,26/7/2020,7:53,8825
1408,AIR INDIA EXPRESS,NAGPUR,LUDHIANA,10/5/2020,20:5,9603
1411,SPICEJET,PIMPRI-CHINCHWAD,VISAKHAPATNAM,15/6/2020,4:11,4946
1410,TRUJET,VASAI-VIRAR,MUMBAI,25/6/2020,7:37,9056
1409,AIR INDIA EXPRESS,VARANASI,AHMEDABAD,8/7/2020,0:7,9863
1407,TRUJET,THANE,KANPUR,19/5/2020,22:38,9553
1413,QATAR AIRWAYS,RAJKOT,KANPUR,13/5/2020,4:53,6645
1414,AIRASIA INDIA,VISAKHAPATNAM,HYDERABAD,12/6/2020,3:21,8160
1416,INDIGO,LUCKNOW,VASAI-VIRAR,17/7/2020,19:38,7484
1419,GOAIR,VARANASI,LUCKNOW,9/5/2020,10:38,6393
1418,SAUDI AIRLINES SAUDIKANP8:52,BANGALORE,KANPUR,14/6/2020,8:52,1347305803
1417,ALLIANCE AIR,JAIPUR,KALYAN-DOMBIVLI,8/7/2020,17:43,4793
1415,ALLIANCE AIR,LUDHIANA,FARIDABAD,21/5/2020,5:6,7120
1421,SPICEJET,LUDHIANA,HYDERABAD,13/7/2020,16:30,5122
1424,ALLIANCE AIR,AGRA,KANPUR,19/6/2020,20:57,4346
1423,GOAIR,FARIDABAD,AHMEDABAD,5/5/2020,2:26,6756
1422,QATAR AIRWAYS,NAGPUR,FARIDABAD,22/6/2020,6:6,7602
1426,SPICEJET,PUNE,BHOPAL,2/7/2020,18:30,9719
1429,SAUDI AIRLINES SAUDILUCK20:29,BHOPAL,LUCKNOW,26/6/2020,20:29,1262703948
1428,AIR INDIA EXPRESS,MUMBAI,KOLKATA,25/7/2020,11:43,8725
1427,SAUDI AIRLINES SAUDIMEER21:40,VARANASI,MEERUT,1/5/2020,21:40,1380271437
1425,TRUJET,VARANASI,HYDERABAD,13/5/2020,7:25,4418
1420,AIRASIA INDIA,CHENNAI,PUNE,4/7/2020,18:21,7208
1412,ALLIANCE AIR,FARIDABAD,VASAI-VIRAR,19/6/2020,9:45,8099
1399,ETIHAD AIRWAYS,DELHI,CHENNAI,17/7/2020,21:16,6076
1432,ALLIANCE AIR,SURAT,THANE,12/6/2020,13:49,5921
1431,AIR INDIA,MUMBAI,KOLKATA,18/5/2020,10:17,9216
1434,QATAR AIRWAYS,DELHI,VASAI-VIRAR,10/5/2020,15:39,8281
1437,SPICEJET,DELHI,PIMPRI-CHINCHWAD,14/7/2020,7:5,6355
1436,VISTARA,INDORE,DELHI,29/6/2020,19:5,9841
1435,SPICEJET,PATNA,LUDHIANA,20/6/2020,22:15,7049
1433,ALLIANCE AIR,VARANASI,VASAI-VIRAR,1/6/2020,8:12,6999
1439,ALLIANCE AIR,KOLKATA,JAIPUR,13/5/2020,8:53,6428
1442,INDIGO,FARIDABAD,HYDERABAD,12/5/2020,6:54,5466
1441,SAUDI AIRLINES SAUDIVADO23:45,THANE,VADODARA,18/5/2020,23:45,1329873238
1440,VISTARA,KALYAN-DOMBIVLI,AHMEDABAD,28/5/2020,16:24,8525
1438,GOAIR,MEERUT,THANE,25/5/2020,13:24,5687
1444,AIRASIA INDIA,VADODARA,PATNA,18/7/2020,23:25,8881
1447,SPICEJET,AGRA,AHMEDABAD,14/5/2020,8:35,9646
1446,SPICEJET,MEERUT,FARIDABAD,19/5/2020,7:24,4106
1445,INDIGO,BHOPAL,FARIDABAD,15/6/2020,1:58,7799
1450,ALLIANCE AIR,RAJKOT,SURAT,27/5/2020,20:28,7589
1449,ALLIANCE AIR,KALYAN-DOMBIVLI,VADODARA,22/5/2020,22:59,6971
1448,GOAIR,AGRA,LUDHIANA,23/7/2020,21:30,6759
1452,VISTARA,THANE,LUDHIANA,27/7/2020,20:50,7581
1455,SAUDI AIRLINES SAUDIVASA2:43,FARIDABAD,VASAI-VIRAR,19/5/2020,2:43,1095975254
1454,ALLIANCE AIR,GHAZIABAD,VARANASI,24/6/2020,13:38,7061
1453,ALLIANCE AIR,DELHI,GHAZIABAD,11/5/2020,5:6,6412
1457,AIR INDIA,GHAZIABAD,NAGPUR,7/6/2020,18:24,6307
1459,ALLIANCE AIR,DELHI,DELHI,15/6/2020,6:0,4296
1458,SPICEJET,PUNE,BANGALORE,18/7/2020,13:34,5433
1461,SAUDI AIRLINES SAUDIPUNE21:38,KOLKATA,PUNE,26/7/2020,21:38,1162761552
1462,AIR INDIA,JAIPUR,VARANASI,13/6/2020,8:51,9959
1464,AIRASIA INDIA,VARANASI,RAJKOT,7/5/2020,2:25,8205
1463,AIRASIA INDIA,VARANASI,NAGPUR,8/7/2020,16:4,5700
1460,SPICEJET,NASHIK,NAGPUR,14/5/2020,23:25,7979
1456,GOAIR,VASAI-VIRAR,HYDERABAD,3/6/2020,6:2,5098
1451,AIR INDIA,RAJKOT,HYDERABAD,15/5/2020,7:39,7582
1443,QATAR AIRWAYS,VADODARA,NASHIK,4/6/2020,9:39,7343
1466,AIR INDIA EXPRESS,RAJKOT,AGRA,13/7/2020,21:42,7738
1469,AIR INDIA,DELHI,MEERUT,9/5/2020,16:49,6764
1468,VISTARA,KANPUR,AGRA,19/7/2020,18:54,4904
1467,ALLIANCE AIR,PATNA,KOLKATA,21/7/2020,10:30,9728
1471,AIRASIA INDIA,VISAKHAPATNAM,GHAZIABAD,25/5/2020,16:3,7508
1474,ETIHAD AIRWAYS,PUNE,VASAI-VIRAR,23/6/2020,22:59,6506
1473,AIR INDIA,CHENNAI,LUDHIANA,5/5/2020,19:57,7055
1472,QATAR AIRWAYS,BANGALORE,HYDERABAD,27/5/2020,8:52,8933
1470,ALLIANCE AIR,PIMPRI-CHINCHWAD,PUNE,23/6/2020,23:25,6987
1476,VISTARA,AGRA,AHMEDABAD,15/7/2020,18:38,5870
1478,VISTARA,BHOPAL,PUNE,20/6/2020,17:20,7326
1477,ALLIANCE AIR,KOLKATA,VADODARA,8/7/2020,12:7,8660
1480,INDIGO,BHOPAL,PIMPRI-CHINCHWAD,17/6/2020,12:42,8926
1483,TRUJET,NAGPUR,LUCKNOW,30/7/2020,2:30,9311
1482,ALLIANCE AIR,PATNA,VISAKHAPATNAM,26/6/2020,23:45,6446
1481,TRUJET,MUMBAI,DELHI,22/7/2020,17:1,8221
1479,INDIGO,VADODARA,INDORE,24/7/2020,5:44,8763
1475,AIR INDIA,KALYAN-DOMBIVLI,LUCKNOW,5/6/2020,3:26,9561
1486,QATAR AIRWAYS,GHAZIABAD,INDORE,8/6/2020,22:33,8910
1485,AIR INDIA,KANPUR,PUNE,4/7/2020,22:22,5166
1488,SAUDI AIRLINES SAUDIJAIP10:43,PIMPRI-CHINCHWAD,JAIPUR,9/7/2020,10:43,1346978122
1491,AIR INDIA EXPRESS,INDORE,KANPUR,5/6/2020,5:29,5280
1490,SAUDI AIRLINES SAUDIAHME6:24,VADODARA,AHMEDABAD,15/5/2020,6:24,1162692673
1489,ETIHAD AIRWAYS,PIMPRI-CHINCHWAD,VASAI-VIRAR,21/6/2020,19:25,8235
1487,INDIGO,KALYAN-DOMBIVLI,VARANASI,28/7/2020,0:18,4063
1493,GOAIR,PIMPRI-CHINCHWAD,GHAZIABAD,12/7/2020,6:7,8187
1496,SAUDI AIRLINES SAUDIMUMB2:58,PUNE,MUMBAI,21/5/2020,2:58,1112364365
1495,INDIGO,INDORE,VARANASI,20/5/2020,11:44,6117
1494,AIRASIA INDIA,SURAT,KOLKATA,26/5/2020,18:7,6534
1498,VISTARA,VARANASI,FARIDABAD,23/7/2020,15:31,4997
1499,AIR INDIA,VASAI-VIRAR,NASHIK,8/6/2020,16:30,4127
1501,SPICEJET,NASHIK,VASAI-VIRAR,21/6/2020,13:41,9527
1504,ALLIANCE AIR,JAIPUR,MEERUT,11/7/2020,16:44,5240
1503,QATAR AIRWAYS,PATNA,GHAZIABAD,18/5/2020,16:24,9450
1502,INDIGO,PATNA,JAIPUR,11/7/2020,23:53,6957
1500,SPICEJET,NASHIK,VASAI-VIRAR,15/7/2020,7:4,7417
1497,AIR INDIA EXPRESS,THANE,JAIPUR,14/5/2020,11:9,9068
1492,TRUJET,KOLKATA,AHMEDABAD,5/7/2020,10:37,9053
1484,VISTARA,VADODARA,BANGALORE,7/5/2020,20:18,8029
1465,GOAIR,RAJKOT,VISAKHAPATNAM,20/5/2020,3:26,9674
1430,SPICEJET,MUMBAI,KALYAN-DOMBIVLI,2/6/2020,10:33,9040
1506,AIR INDIA EXPRESS,DELHI,THANE,21/6/2020,17:58,7721
1508,ETIHAD AIRWAYS,AGRA,KOLKATA,11/7/2020,9:9,6250
1509,ALLIANCE AIR,BHOPAL,AGRA,27/7/2020,19:48,6497
1507,ETIHAD AIRWAYS,DELHI,GHAZIABAD,3/6/2020,11:23,7135
1511,GOAIR,NAGPUR,VASAI-VIRAR,20/7/2020,23:27,4519
1514,AIR INDIA EXPRESS,HYDERABAD,JAIPUR,15/7/2020,18:23,6809
1513,ALLIANCE AIR,FARIDABAD,VADODARA,16/5/2020,18:42,9470
1512,VISTARA,KANPUR,VASAI-VIRAR,16/7/2020,22:17,5970
1510,GOAIR,PATNA,VASAI-VIRAR,16/7/2020,7:1,5341
1517,AIRASIA INDIA,BANGALORE,VISAKHAPATNAM,18/6/2020,19:20,6035
1516,AIRASIA INDIA,PATNA,KOLKATA,24/5/2020,7:8,9547
1519,AIR INDIA EXPRESS,AHMEDABAD,LUCKNOW,19/6/2020,5:50,6552
1521,SAUDI AIRLINES SAUDIPUNE11:59,MEERUT,PUNE,29/6/2020,11:59,1162761552
1520,ETIHAD AIRWAYS,NAGPUR,KOLKATA,21/6/2020,9:27,9933
1518,AIRASIA INDIA,KALYAN-DOMBIVLI,LUDHIANA,26/7/2020,7:0,5849
1524,TRUJET,GHAZIABAD,PATNA,1/6/2020,11:56,6527
1523,VISTARA,PATNA,BHOPAL,5/7/2020,17:14,4193
1526,INDIGO,MUMBAI,KANPUR,24/6/2020,4:22,6096
1525,VISTARA,MEERUT,HYDERABAD,4/6/2020,20:57,5020
1529,ETIHAD AIRWAYS,VARANASI,VARANASI,21/6/2020,22:10,9196
1528,ALLIANCE AIR,BHOPAL,DELHI,6/6/2020,13:24,7655
1527,AIR INDIA EXPRESS,VASAI-VIRAR,VASAI-VIRAR,27/5/2020,18:58,8006
1522,SPICEJET,NAGPUR,SURAT,2/6/2020,18:55,4929
1515,INDIGO,MEERUT,PIMPRI-CHINCHWAD,30/5/2020,23:19,8402
1531,VISTARA,KANPUR,INDORE,22/5/2020,16:35,7995
1533,ETIHAD AIRWAYS,PATNA,BANGALORE,23/5/2020,18:54,8891
1532,AIR INDIA EXPRESS,RAJKOT,PIMPRI-CHINCHWAD,26/6/2020,20:4,9578
1535,ETIHAD AIRWAYS,NASHIK,PIMPRI-CHINCHWAD,6/6/2020,16:24,6463
1538,GOAIR,KANPUR,NAGPUR,27/6/2020,2:38,7461
1537,TRUJET,JAIPUR,VISAKHAPATNAM,5/5/2020,8:32,7330
1536,VISTARA,VASAI-VIRAR,PIMPRI-CHINCHWAD,22/6/2020,5:50,7186
1534,QATAR AIRWAYS,THANE,LUCKNOW,10/5/2020,13:1,7685
1540,AIR INDIA,NASHIK,LUDHIANA,26/5/2020,2:15,4556
1542,SPICEJET,LUDHIANA,VASAI-VIRAR,21/7/2020,22:48,9275
1541,GOAIR,VARANASI,AHMEDABAD,4/6/2020,12:53,5689
1545,QATAR AIRWAYS,VADODARA,VADODARA,2/7/2020,19:44,5816
1544,VISTARA,LUCKNOW,DELHI,18/5/2020,15:13,9365
1547,QATAR AIRWAYS,AHMEDABAD,VADODARA,13/6/2020,23:21,5818
1546,QATAR AIRWAYS,HYDERABAD,THANE,3/6/2020,10:53,8544
1543,AIRASIA INDIA,VARANASI,VISAKHAPATNAM,16/7/2020,3:4,7602
1550,QATAR AIRWAYS,VADODARA,THANE,23/5/2020,18:20,6884
1549,INDIGO,VADODARA,BANGALORE,20/6/2020,3:45,6825
1552,SPICEJET,NASHIK,MUMBAI,30/6/2020,8:26,5103
1554,VISTARA,HYDERABAD,MEERUT,29/7/2020,23:41,8897
1553,QATAR AIRWAYS,NASHIK,KANPUR,26/6/2020,4:52,4715
1551,AIRASIA INDIA,HYDERABAD,THANE,21/5/2020,23:45,9707
1548,SAUDI AIRLINES SAUDIGHAZ3:49,NAGPUR,GHAZIABAD,19/7/2020,3:49,1514227783
1539,ALLIANCE AIR,KALYAN-DOMBIVLI,MUMBAI,7/7/2020,10:18,9556
1530,SAUDI AIRLINES SAUDIAHME22:29,KANPUR,AHMEDABAD,27/7/2020,22:29,1162692673
1556,ALLIANCE AIR,PIMPRI-CHINCHWAD,KOLKATA,10/6/2020,10:22,8660
1559,TRUJET,LUCKNOW,LUDHIANA,4/6/2020,19:38,4009
1558,QATAR AIRWAYS,VISAKHAPATNAM,AGRA,9/6/2020,14:20,4469
1557,AIR INDIA,LUCKNOW,LUCKNOW,22/7/2020,2:8,8473
1561,VISTARA,THANE,VADODARA,25/5/2020,15:12,7891
1563,TRUJET,DELHI,VADODARA,10/7/2020,11:52,5043
1562,TRUJET,KALYAN-DOMBIVLI,NASHIK,10/6/2020,11:48,5366
1565,VISTARA,BANGALORE,SURAT,5/7/2020,23:33,4338
1567,GOAIR,PUNE,VADODARA,9/6/2020,20:32,7550
1566,GOAIR,KALYAN-DOMBIVLI,AHMEDABAD,7/5/2020,0:47,9242
1564,QATAR AIRWAYS,BHOPAL,BANGALORE,3/7/2020,4:45,9961
1560,AIR INDIA EXPRESS,MUMBAI,MEERUT,22/5/2020,12:4,6431
1569,ALLIANCE AIR,KALYAN-DOMBIVLI,LUCKNOW,27/6/2020,15:49,8673
1572,QATAR AIRWAYS,GHAZIABAD,SURAT,14/6/2020,16:38,9961
1571,INDIGO,DELHI,PATNA,5/6/2020,0:40,8279
1570,VISTARA,PATNA,MUMBAI,14/5/2020,7:35,5779
1574,ALLIANCE AIR,LUDHIANA,BANGALORE,18/5/2020,7:55,6792
1577,ETIHAD AIRWAYS,MUMBAI,AGRA,29/5/2020,6:5,7995
1576,AIRASIA INDIA,JAIPUR,MUMBAI,24/7/2020,16:35,6421
1575,INDIGO,VASAI-VIRAR,AHMEDABAD,24/6/2020,5:31,7592
1573,ETIHAD AIRWAYS,RAJKOT,HYDERABAD,30/6/2020,22:20,5727
1568,AIR INDIA,MEERUT,DELHI,22/5/2020,12:40,4861
1580,TRUJET,NAGPUR,NAGPUR,6/7/2020,2:52,9842
1579,GOAIR,CHENNAI,KANPUR,4/7/2020,6:4,4102
1583,AIR INDIA EXPRESS,MUMBAI,INDORE,10/5/2020,19:23,4777
1582,VISTARA,LUDHIANA,HYDERABAD,24/6/2020,8:7,9077
1581,SAUDI AIRLINES SAUDIKOLK15:52,RAJKOT,KOLKATA,10/5/2020,15:52,1263292235
1586,SPICEJET,NASHIK,MEERUT,10/7/2020,23:15,6775
1585,GOAIR,BANGALORE,LUCKNOW,26/6/2020,11:58,7323
1588,SAUDI AIRLINES SAUDINAGP3:58,VADODARA,NAGPUR,6/7/2020,3:58,1346847054
1587,QATAR AIRWAYS,GHAZIABAD,FARIDABAD,25/7/2020,18:10,6648
1591,SAUDI AIRLINES SAUDIAHME3:33,BANGALORE,AHMEDABAD,28/6/2020,3:33,1162692673
1590,SPICEJET,LUCKNOW,THANE,13/6/2020,8:17,9533
1589,SAUDI AIRLINES SAUDICHEN14:15,LUCKNOW,CHENNAI,9/6/2020,14:15,1313163331
1584,ALLIANCE AIR,KANPUR,PIMPRI-CHINCHWAD,4/6/2020,9:41,5570
1594,SAUDI AIRLINES SAUDISURA18:33,PATNA,SURAT,29/5/2020,18:33,1095914835
1593,ALLIANCE AIR,VASAI-VIRAR,BANGALORE,18/5/2020,3:16,7074
1596,INDIGO,PATNA,HYDERABAD,2/6/2020,0:12,7651
1598,QATAR AIRWAYS,VADODARA,BHOPAL,18/6/2020,6:21,9860
1599,INDIGO,MUMBAI,KOLKATA,22/6/2020,9:24,9665
1597,AIRASIA INDIA,VADODARA,KALYAN-DOMBIVLI,11/6/2020,10:38,4979
1595,AIRASIA INDIA,KALYAN-DOMBIVLI,BHOPAL,26/5/2020,18:59,5858
1592,INDIGO,KALYAN-DOMBIVLI,KANPUR,5/7/2020,21:5,5218
1578,ALLIANCE AIR,BHOPAL,HYDERABAD,9/6/2020,18:6,4166
1555,SAUDI AIRLINES SAUDITHAN12:23,BANGALORE,THANE,18/5/2020,12:23,1312901204
1601,GOAIR,PATNA,PUNE,29/7/2020,21:45,9889
1603,TRUJET,PATNA,PUNE,20/5/2020,22:56,7446
1602,SAUDI AIRLINES SAUDINASH4:50,AHMEDABAD,NASHIK,18/7/2020,4:50,1213415758
1606,SPICEJET,DELHI,VISAKHAPATNAM,7/7/2020,23:43,9600
1605,VISTARA,PUNE,CHENNAI,3/7/2020,22:34,9517
1604,ETIHAD AIRWAYS,NASHIK,RAJKOT,3/6/2020,22:0,5732
1608,GOAIR,BANGALORE,INDORE,21/7/2020,4:49,7163
1611,ALLIANCE AIR,KANPUR,MUMBAI,14/5/2020,14:49,4611
1610,INDIGO,VARANASI,RAJKOT,2/6/2020,12:52,7337
1609,ETIHAD AIRWAYS,VARANASI,NASHIK,19/5/2020,8:4,7354
1614,SPICEJET,NASHIK,PIMPRI-CHINCHWAD,29/5/2020,5:24,6807
1613,QATAR AIRWAYS,RAJKOT,PIMPRI-CHINCHWAD,11/5/2020,16:30,6807
1612,AIR INDIA EXPRESS,FARIDABAD,MEERUT,29/7/2020,19:22,7054
1607,QATAR AIRWAYS,HYDERABAD,KANPUR,24/5/2020,5:59,7980
1616,AIR INDIA EXPRESS,SURAT,BHOPAL,17/7/2020,6:53,6567
1619,VISTARA,PIMPRI-CHINCHWAD,DELHI,15/6/2020,4:54,4259
1618,QATAR AIRWAYS,PIMPRI-CHINCHWAD,PATNA,12/6/2020,6:44,8599
1617,VISTARA,SURAT,INDORE,5/5/2020,8:46,6025
1621,AIRASIA INDIA,PIMPRI-CHINCHWAD,HYDERABAD,10/5/2020,15:46,8378
1624,SPICEJET,PATNA,JAIPUR,2/5/2020,13:5,5383
1623,QATAR AIRWAYS,VADODARA,VISAKHAPATNAM,18/6/2020,22:22,5606
1622,SAUDI AIRLINES SAUDINASH4:28,PUNE,NASHIK,21/7/2020,4:28,1213415758
1620,ETIHAD AIRWAYS,DELHI,PIMPRI-CHINCHWAD,13/7/2020,6:20,7118
1627,QATAR AIRWAYS,AGRA,NAGPUR,12/7/2020,8:15,4133
1626,VISTARA,NASHIK,AGRA,26/5/2020,15:7,9892
1629,AIRASIA INDIA,PUNE,RAJKOT,14/5/2020,23:26,9253
1631,SAUDI AIRLINES SAUDIBANG21:46,MUMBAI,BANGALORE,7/6/2020,21:46,1196310850
1632,TRUJET,DELHI,KOLKATA,17/6/2020,15:0,7307
1630,SPICEJET,MEERUT,GHAZIABAD,24/5/2020,9:25,7619
1628,SPICEJET,GHAZIABAD,PATNA,16/5/2020,13:25,4158
1634,TRUJET,HYDERABAD,VARANASI,21/6/2020,10:24,7650
1635,AIR INDIA EXPRESS,BANGALORE,RAJKOT,20/6/2020,5:28,6868
1638,INDIGO,SURAT,BHOPAL,30/7/2020,11:25,4109
1637,GOAIR,KALYAN-DOMBIVLI,NAGPUR,6/5/2020,3:32,9205
1636,VISTARA,DELHI,PUNE,1/5/2020,6:37,8523
1633,SAUDI AIRLINES SAUDINAGP23:3,KOLKATA,NAGPUR,10/5/2020,23:3,1346847054
1625,SAUDI AIRLINES SAUDICHEN19:59,NASHIK,CHENNAI,29/5/2020,19:59,1313163331
1615,TRUJET,MUMBAI,BANGALORE,9/6/2020,21:34,9264
1640,SPICEJET,FARIDABAD,JAIPUR,9/6/2020,14:27,8071
1643,QATAR AIRWAYS,INDORE,CHENNAI,24/6/2020,6:36,8102
1642,ALLIANCE AIR,PIMPRI-CHINCHWAD,KOLKATA,2/5/2020,21:31,4114
1641,GOAIR,KOLKATA,MEERUT,22/7/2020,13:55,9539
1645,VISTARA,JAIPUR,LUCKNOW,30/7/2020,4:3,7690
1647,AIRASIA INDIA,SURAT,LUDHIANA,23/5/2020,22:25,6574
1646,SAUDI AIRLINES SAUDIKANP8:45,PUNE,KANPUR,8/7/2020,8:45,1347305803
1649,TRUJET,MEERUT,JAIPUR,16/6/2020,10:9,8289
1652,AIRASIA INDIA,MEERUT,MUMBAI,29/6/2020,23:14,5327
1651,AIRASIA INDIA,NAGPUR,LUDHIANA,10/7/2020,2:21,6436
1650,AIR INDIA EXPRESS,CHENNAI,RAJKOT,30/5/2020,10:10,7249
1648,QATAR AIRWAYS,BANGALORE,KANPUR,30/7/2020,13:46,5024
1644,ALLIANCE AIR,VASAI-VIRAR,NASHIK,26/5/2020,1:13,6999
1655,TRUJET,GHAZIABAD,RAJKOT,29/5/2020,14:45,9273
1654,INDIGO,PIMPRI-CHINCHWAD,NAGPUR,28/7/2020,3:55,6296
1658,GOAIR,LUCKNOW,VARANASI,7/5/2020,20:12,6510
1657,AIR INDIA,PIMPRI-CHINCHWAD,PATNA,10/7/2020,21:35,5984
1660,SAUDI AIRLINES SAUDINAGP15:57,VASAI-VIRAR,NAGPUR,14/6/2020,15:57,1346847054
1659,ALLIANCE AIR,GHAZIABAD,PATNA,19/5/2020,9:2,7936
1656,QATAR AIRWAYS,LUDHIANA,AHMEDABAD,4/6/2020,14:58,8263
1653,QATAR AIRWAYS,INDORE,PATNA,8/6/2020,10:42,5729
1639,ALLIANCE AIR,VADODARA,FARIDABAD,17/5/2020,15:52,7386
1662,SAUDI AIRLINES SAUDIMEER3:35,THANE,MEERUT,8/5/2020,3:35,1380271437
1663,QATAR AIRWAYS,VARANASI,MUMBAI,20/7/2020,12:17,7718
1666,AIRASIA INDIA,VASAI-VIRAR,AHMEDABAD,30/5/2020,22:2,5528
1665,TRUJET,AGRA,NAGPUR,27/6/2020,2:14,7708
1668,AIR INDIA EXPRESS,VADODARA,PUNE,24/5/2020,8:44,6233
1667,ALLIANCE AIR,NASHIK,VISAKHAPATNAM,4/5/2020,8:36,7952
1664,AIR INDIA,MEERUT,HYDERABAD,18/7/2020,13:24,6876
1671,ETIHAD AIRWAYS,PUNE,NASHIK,21/7/2020,16:14,8458
1670,AIRASIA INDIA,PATNA,BHOPAL,13/6/2020,11:56,8105
1674,ALLIANCE AIR,VISAKHAPATNAM,KOLKATA,17/5/2020,1:55,5367
1673,SAUDI AIRLINES SAUDIBANG4:44,LUCKNOW,BANGALORE,12/7/2020,4:44,1196310850
1672,AIRASIA INDIA,JAIPUR,BHOPAL,19/6/2020,12:57,8733
1669,AIRASIA INDIA,MUMBAI,FARIDABAD,25/7/2020,11:48,6676
1676,GOAIR,KANPUR,AGRA,17/7/2020,5:54,5021
1679,AIR INDIA EXPRESS,LUCKNOW,PIMPRI-CHINCHWAD,5/7/2020,9:52,5535
1678,INDIGO,MUMBAI,PATNA,2/5/2020,10:2,4106
1677,VISTARA,LUDHIANA,MEERUT,12/6/2020,1:37,8945
1682,AIR INDIA,AGRA,GHAZIABAD,19/6/2020,8:0,8305
1681,QATAR AIRWAYS,VISAKHAPATNAM,VARANASI,29/6/2020,17:51,6810
1680,QATAR AIRWAYS,FARIDABAD,PUNE,26/7/2020,11:21,9999
1684,SPICEJET,FARIDABAD,PUNE,24/5/2020,20:29,5223
1686,GOAIR,THANE,NAGPUR,25/7/2020,16:46,8725
1685,SPICEJET,PIMPRI-CHINCHWAD,VISAKHAPATNAM,11/5/2020,17:58,9540
1688,SPICEJET,PIMPRI-CHINCHWAD,NAGPUR,25/7/2020,10:50,7368
1691,ALLIANCE AIR,FARIDABAD,VARANASI,23/6/2020,9:56,9247
1690,TRUJET,KOLKATA,RAJKOT,17/5/2020,8:25,5477
1689,AIR INDIA EXPRESS,VASAI-VIRAR,DELHI,5/5/2020,5:47,8688
1687,SPICEJET,LUDHIANA,DELHI,19/7/2020,21:29,8968
1683,TRUJET,INDORE,VISAKHAPATNAM,20/6/2020,1:21,4234
1675,ALLIANCE AIR,HYDERABAD,AGRA,24/6/2020,20:25,5174
1693,TRUJET,FARIDABAD,FARIDABAD,20/7/2020,18:30,4965
1695,AIRASIA INDIA,VISAKHAPATNAM,AHMEDABAD,27/6/2020,8:1,5858
1694,AIR INDIA EXPRESS,LUCKNOW,DELHI,22/5/2020,0:57,8463
1698,AIR INDIA EXPRESS,VASAI-VIRAR,BANGALORE,18/6/2020,6:18,9941
1697,AIRASIA INDIA,RAJKOT,VADODARA,30/7/2020,17:0,6184
1696,ALLIANCE AIR,VISAKHAPATNAM,VASAI-VIRAR,27/5/2020,0:45,6155
1700,GOAIR,PATNA,JAIPUR,16/5/2020,3:30,8771
1702,AIR INDIA EXPRESS,VASAI-VIRAR,MEERUT,11/6/2020,20:56,8214
1701,AIR INDIA,NAGPUR,CHENNAI,30/7/2020,23:52,5573
1704,QATAR AIRWAYS,VARANASI,HYDERABAD,23/6/2020,8:6,6637
1705,QATAR AIRWAYS,MUMBAI,KALYAN-DOMBIVLI,25/7/2020,16:47,8701
1707,VISTARA,PUNE,VARANASI,8/6/2020,11:15,8585
1706,SAUDI AIRLINES SAUDIINDO13:53,NASHIK,INDORE,14/5/2020,13:53,1329876553
1703,AIRASIA INDIA,CHENNAI,GHAZIABAD,24/6/2020,1:41,7405
1699,SPICEJET,NAGPUR,CHENNAI,2/7/2020,4:53,9508
1709,AIR INDIA,GHAZIABAD,DELHI,12/6/2020,13:18,9133
1712,INDIGO,INDORE,JAIPUR,23/6/2020,4:37,8124
1711,SAUDI AIRLINES SAUDICHEN23:5,AHMEDABAD,CHENNAI,27/6/2020,23:5,1313163331
1710,ALLIANCE AIR,VASAI-VIRAR,LUCKNOW,23/7/2020,6:12,6335
1714,AIRASIA INDIA,KOLKATA,LUCKNOW,20/5/2020,9:16,9860
1717,AIRASIA INDIA,CHENNAI,MUMBAI,10/6/2020,7:59,5436
1716,ETIHAD AIRWAYS,PIMPRI-CHINCHWAD,PATNA,2/6/2020,8:31,4915
1715,GOAIR,LUCKNOW,LUCKNOW,3/7/2020,18:33,5049
1713,GOAIR,VADODARA,BHOPAL,4/5/2020,17:56,7087
1719,QATAR AIRWAYS,DELHI,AHMEDABAD,4/6/2020,18:37,7512
1721,VISTARA,BHOPAL,VARANASI,14/6/2020,18:54,7557
1720,ETIHAD AIRWAYS,DELHI,AHMEDABAD,7/6/2020,10:5,9000
1724,ETIHAD AIRWAYS,NASHIK,INDORE,13/7/2020,22:37,6765
1723,SAUDI AIRLINES SAUDIRAJK19:48,MEERUT,RAJKOT,5/7/2020,19:48,1263157586
1726,AIR INDIA,AGRA,INDORE,8/6/2020,23:6,6799
1725,VISTARA,DELHI,NAGPUR,2/7/2020,16:42,6714
1722,AIR INDIA,KALYAN-DOMBIVLI,HYDERABAD,5/7/2020,21:13,6711
1718,AIRASIA INDIA,PATNA,NAGPUR,30/6/2020,12:18,6586
1708,TRUJET,DELHI,KALYAN-DOMBIVLI,5/6/2020,1:51,7151
1692,AIR INDIA,CHENNAI,MEERUT,30/5/2020,18:45,5344
1729,QATAR AIRWAYS,BANGALORE,CHENNAI,10/7/2020,15:16,8799
1728,VISTARA,INDORE,INDORE,18/5/2020,5:0,9577
1731,SPICEJET,CHENNAI,PATNA,2/7/2020,10:27,5516
1734,AIR INDIA,KOLKATA,AGRA,11/5/2020,22:50,6177
1733,AIRASIA INDIA,KALYAN-DOMBIVLI,AGRA,19/7/2020,2:39,7897
1732,VISTARA,VARANASI,RAJKOT,27/5/2020,15:57,7452
1730,TRUJET,JAIPUR,BHOPAL,5/6/2020,6:3,7966
1736,AIR INDIA,LUDHIANA,INDORE,2/7/2020,8:24,9820
1738,GOAIR,THANE,MUMBAI,19/7/2020,15:0,8021
1739,AIRASIA INDIA,RAJKOT,LUCKNOW,16/7/2020,8:24,5964
1737,VISTARA,VADODARA,BHOPAL,27/5/2020,22:18,7782
1741,QATAR AIRWAYS,NAGPUR,PATNA,14/6/2020,3:34,4077
1743,ETIHAD AIRWAYS,PIMPRI-CHINCHWAD,PATNA,17/6/2020,8:56,8309
1742,SAUDI AIRLINES SAUDISURA11:29,PIMPRI-CHINCHWAD,SURAT,14/5/2020,11:29,1095914835
1745,AIRASIA INDIA,PATNA,GHAZIABAD,30/6/2020,4:53,4478
1746,VISTARA,SURAT,JAIPUR,28/5/2020,8:11,7004
1744,AIR INDIA EXPRESS,CHENNAI,SURAT,20/6/2020,8:22,6335
1740,TRUJET,LUCKNOW,BANGALORE,4/5/2020,7:27,4291
1735,GOAIR,KANPUR,VARANASI,11/7/2020,11:4,6099
1748,QATAR AIRWAYS,HYDERABAD,VASAI-VIRAR,14/7/2020,3:28,7043
1751,SPICEJET,BANGALORE,VASAI-VIRAR,21/6/2020,2:33,5992
1750,TRUJET,VARANASI,INDORE,24/7/2020,7:7,7056
1749,AIR INDIA EXPRESS,PIMPRI-CHINCHWAD,BHOPAL,6/6/2020,20:8,4945
1753,AIR INDIA EXPRESS,RAJKOT,HYDERABAD,10/5/2020,5:4,6160
1756,INDIGO,KALYAN-DOMBIVLI,AGRA,10/5/2020,16:22,8327
1755,SAUDI AIRLINES SAUDIJAIP6:6,NASHIK,JAIPUR,15/6/2020,6:6,1346978122
1754,VISTARA,KOLKATA,HYDERABAD,2/6/2020,22:35,5271
1752,SAUDI AIRLINES SAUDIRAJK1:15,BHOPAL,RAJKOT,27/7/2020,1:15,1263157586
1759,SAUDI AIRLINES SAUDIDELH0:59,DELHI,DELHI,1/6/2020,0:59,1212958020
1758,GOAIR,VISAKHAPATNAM,PATNA,26/7/2020,21:17,9370
1761,SAUDI AIRLINES SAUDIRAJK2:45,GHAZIABAD,RAJKOT,24/5/2020,2:45,1263157586
1760,INDIGO,VARANASI,HYDERABAD,6/5/2020,17:34,6936
1764,VISTARA,MUMBAI,GHAZIABAD,26/5/2020,17:28,7363
1763,TRUJET,PIMPRI-CHINCHWAD,VASAI-VIRAR,23/6/2020,17:21,7912
1767,AIR INDIA,JAIPUR,PUNE,7/7/2020,14:58,9130
1766,SPICEJET,PATNA,LUCKNOW,2/5/2020,8:14,7039
1765,TRUJET,VASAI-VIRAR,SURAT,14/6/2020,6:30,5362
1762,SAUDI AIRLINES SAUDIVADO20:43,MEERUT,VADODARA,11/6/2020,20:43,1329873238
1757,INDIGO,VADODARA,VADODARA,10/6/2020,14:46,7745
1747,ETIHAD AIRWAYS,AGRA,DELHI,17/6/2020,5:46,6528
1769,SAUDI AIRLINES SAUDIPUNE0:16,FARIDABAD,PUNE,26/7/2020,0:16,1162761552
1772,AIRASIA INDIA,LUCKNOW,KALYAN-DOMBIVLI,7/6/2020,11:24,5153
1771,AIRASIA INDIA,DELHI,AHMEDABAD,29/7/2020,16:24,5562
1770,QATAR AIRWAYS,VARANASI,AHMEDABAD,2/7/2020,18:23,5228
1775,ETIHAD AIRWAYS,CHENNAI,PATNA,23/6/2020,2:36,7054
1774,ALLIANCE AIR,MEERUT,JAIPUR,22/6/2020,16:5,9996
1777,AIR INDIA,KALYAN-DOMBIVLI,VADODARA,2/5/2020,17:49,7717
1780,SAUDI AIRLINES SAUDIVARA1:50,KANPUR,VARANASI,23/5/2020,1:50,1095909718
1779,QATAR AIRWAYS,BHOPAL,LUDHIANA,27/7/2020,15:3,9502
1778,ETIHAD AIRWAYS,NAGPUR,SURAT,27/7/2020,15:10,7241
1776,SAUDI AIRLINES SAUDILUDH15:4,FARIDABAD,LUDHIANA,10/5/2020,15:4,1212437836
1773,ALLIANCE AIR,AHMEDABAD,KANPUR,16/7/2020,0:7,5710
1782,ALLIANCE AIR,KALYAN-DOMBIVLI,GHAZIABAD,27/6/2020,0:11,4204
1784,GOAIR,INDORE,KALYAN-DOMBIVLI,12/5/2020,18:34,6770
1783,QATAR AIRWAYS,AGRA,MUMBAI,3/7/2020,19:26,7224
1786,INDIGO,NASHIK,BANGALORE,8/6/2020,1:8,9295
1789,AIR INDIA,HYDERABAD,MEERUT,27/7/2020,8:26,5277
1788,AIRASIA INDIA,KANPUR,CHENNAI,28/7/2020,22:59,4569
1787,AIR INDIA,SURAT,AHMEDABAD,16/5/2020,20:43,9107
1785,ALLIANCE AIR,HYDERABAD,BANGALORE,26/5/2020,0:47,7724
1791,QATAR AIRWAYS,PATNA,NASHIK,4/7/2020,11:34,6122
1793,SAUDI AIRLINES SAUDIAGRA6:39,CHENNAI,AGRA,5/6/2020,6:39,1095911233
1792,AIR INDIA EXPRESS,VADODARA,VASAI-VIRAR,21/6/2020,16:34,6374
1795,GOAIR,VADODARA,JAIPUR,6/6/2020,5:0,9155
1798,QATAR AIRWAYS,PATNA,GHAZIABAD,24/6/2020,19:34,9497
1800,SAUDI AIRLINES SAUDIINDO11:50,KOLKATA,INDORE,11/7/2020,11:50,1329876553
1799,VISTARA,PUNE,KALYAN-DOMBIVLI,21/7/2020,15:33,9756
1797,SPICEJET,NAGPUR,KALYAN-DOMBIVLI,7/6/2020,6:38,5491
1794,SPICEJET,PIMPRI-CHINCHWAD,MEERUT,23/6/2020,14:17,9124
1790,INDIGO,BANGALORE,AHMEDABAD,11/6/2020,21:9,4696
1781,GOAIR,GHAZIABAD,VASAI-VIRAR,11/7/2020,19:24,9673
1768,SAUDI AIRLINES SAUDIPUNE1:46,DELHI,PUNE,23/6/2020,1:46,1162761552
1727,TRUJET,BANGALORE,MEERUT,25/6/2020,19:18,8714
1661,SAUDI AIRLINES SAUDIBHOP21:26,PATNA,BHOPAL,29/6/2020,21:26,1347373122
1600,QATAR AIRWAYS,LUCKNOW,KALYAN-DOMBIVLI,3/6/2020,7:13,8129
1505,QATAR AIRWAYS,AHMEDABAD,DELHI,11/7/2020,6:17,4092
1368,TRUJET,KANPUR,JAIPUR,20/6/2020,18:40,5493
